URL,Suggested Link 1,Suggested Link 2,Suggested Link 3,Suggested Link 4
https://blackwigsmatter.com/how-to-wear-wig-with-long-hair/,https://blackwigsmatter.com/how-to-put-on-a-wig-with-short-hair/,https://blackwigsmatter.com/how-to-make-a-non-lace-front-wig-look-natural/,https://blackwigsmatter.com/how-long-does-a-wig-install-last/,https://blackwigsmatter.com/how-to-keep-wig-from-tangling-at-nape-of-neck/
https://blackwigsmatter.com/how-to-soften-lace-on-wigs/,https://blackwigsmatter.com/how-to-sew-lace-front-wigs-a-comprehensive-diy-guide/,https://blackwigsmatter.com/how-to-make-a-lace-front-wig/,https://blackwigsmatter.com/how-to-keep-lace-front-wig-from-slipping/,https://blackwigsmatter.com/how-long-does-a-lace-front-wig-install-last/
https://blackwigsmatter.com/how-to-make-a-lace-front-wig/,https://blackwigsmatter.com/how-to-sew-lace-front-wigs-a-comprehensive-diy-guide/,https://blackwigsmatter.com/how-to-make-a-non-lace-front-wig-look-natural/,https://blackwigsmatter.com/how-to-put-on-a-wig-with-short-hair/,https://blackwigsmatter.com/how-to-fix-your-front-lace-wig-expert-repair-tips-tricks/
https://blackwigsmatter.com/how-to-make-a-wig-smaller/,https://blackwigsmatter.com/how-to-put-on-a-wig-with-short-hair/,https://blackwigsmatter.com/how-to-make-a-non-lace-front-wig-look-natural/,https://blackwigsmatter.com/how-to-measure-cap-size-for-wig/,https://blackwigsmatter.com/how-to-measure-your-head-for-a-wig/
https://blackwigsmatter.com/how-to-measure-your-head-for-a-wig/,https://blackwigsmatter.com/how-to-measure-cap-size-for-wig/,https://blackwigsmatter.com/how-to-put-on-a-wig-with-short-hair/,https://blackwigsmatter.com/how-to-make-a-non-lace-front-wig-look-natural/,https://blackwigsmatter.com/how-long-does-a-wig-install-last/
https://blackwigsmatter.com/how-to-make-a-non-lace-front-wig-look-natural/,https://blackwigsmatter.com/how-to-put-on-a-wig-with-short-hair/,https://blackwigsmatter.com/how-to-wear-wig-with-long-hair/,https://blackwigsmatter.com/how-to-keep-wig-from-tangling-at-nape-of-neck/,https://blackwigsmatter.com/how-long-does-a-wig-install-last/
https://blackwigsmatter.com/how-to-brush-a-wig/,https://blackwigsmatter.com/how-to-keep-wig-from-tangling-at-nape-of-neck/,https://blackwigsmatter.com/how-to-make-a-non-lace-front-wig-look-natural/,https://blackwigsmatter.com/how-long-does-a-wig-install-last/,https://blackwigsmatter.com/how-to-put-on-a-wig-with-short-hair/
https://blackwigsmatter.com/how-to-style-a-synthetic-wig/,https://blackwigsmatter.com/how-to-make-a-non-lace-front-wig-look-natural/,https://blackwigsmatter.com/how-to-keep-wig-from-tangling-at-nape-of-neck/,https://blackwigsmatter.com/how-to-straighten-a-wig-without-heat/,https://blackwigsmatter.com/how-to-put-on-a-wig-with-short-hair/
https://blackwigsmatter.com/how-to-measure-cap-size-for-wig/,https://blackwigsmatter.com/how-to-measure-your-head-for-a-wig/,https://blackwigsmatter.com/how-to-put-on-a-wig-with-short-hair/,https://blackwigsmatter.com/how-to-make-a-wig-smaller/,https://blackwigsmatter.com/how-to-make-a-non-lace-front-wig-look-natural/
https://blackwigsmatter.com/how-to-put-on-a-wig-with-short-hair/,https://blackwigsmatter.com/how-to-make-a-non-lace-front-wig-look-natural/,https://blackwigsmatter.com/how-to-wear-wig-with-long-hair/,https://blackwigsmatter.com/how-long-does-a-wig-install-last/,https://blackwigsmatter.com/how-to-keep-lace-front-wig-from-slipping/
https://blackwigsmatter.com/how-to-keep-wig-from-tangling-at-nape-of-neck/,https://blackwigsmatter.com/how-to-make-a-non-lace-front-wig-look-natural/,https://blackwigsmatter.com/how-to-put-on-a-wig-with-short-hair/,https://blackwigsmatter.com/how-long-does-a-wig-install-last/,https://blackwigsmatter.com/how-to-brush-a-wig/
https://blackwigsmatter.com/how-long-does-a-wig-install-last/,https://blackwigsmatter.com/how-to-put-on-a-wig-with-short-hair/,https://blackwigsmatter.com/how-to-make-a-non-lace-front-wig-look-natural/,https://blackwigsmatter.com/how-to-keep-wig-from-tangling-at-nape-of-neck/,https://blackwigsmatter.com/how-to-keep-lace-front-wig-from-slipping/
https://blackwigsmatter.com/how-to-straighten-a-wig-without-heat/,https://blackwigsmatter.com/how-to-make-a-non-lace-front-wig-look-natural/,https://blackwigsmatter.com/how-to-put-on-a-wig-with-short-hair/,https://blackwigsmatter.com/how-to-keep-wig-from-tangling-at-nape-of-neck/,https://blackwigsmatter.com/how-to-style-a-synthetic-wig/
https://blackwigsmatter.com/how-much-does-a-lace-front-wig-install-cost/,https://blackwigsmatter.com/how-long-does-a-lace-front-wig-install-last/,https://blackwigsmatter.com/how-long-does-a-wig-install-last/,https://blackwigsmatter.com/how-to-make-a-non-lace-front-wig-look-natural/,https://blackwigsmatter.com/how-to-sew-lace-front-wigs-a-comprehensive-diy-guide/
https://blackwigsmatter.com/how-to-keep-lace-front-wig-from-slipping/,https://blackwigsmatter.com/how-to-make-a-non-lace-front-wig-look-natural/,https://blackwigsmatter.com/how-to-put-on-a-wig-with-short-hair/,https://blackwigsmatter.com/how-to-sew-lace-front-wigs-a-comprehensive-diy-guide/,https://blackwigsmatter.com/how-long-does-a-wig-install-last/
https://blackwigsmatter.com/how-to-melt-lace-front-wig/,https://blackwigsmatter.com/how-to-sew-lace-front-wigs-a-comprehensive-diy-guide/,https://blackwigsmatter.com/how-to-keep-lace-front-wig-from-slipping/,https://blackwigsmatter.com/how-to-make-a-lace-front-wig/,https://blackwigsmatter.com/how-to-fix-your-front-lace-wig-expert-repair-tips-tricks/
https://blackwigsmatter.com/how-do-you-dye-a-lace-front-wig/,https://blackwigsmatter.com/how-to-make-a-non-lace-front-wig-look-natural/,https://blackwigsmatter.com/how-to-sew-lace-front-wigs-a-comprehensive-diy-guide/,https://blackwigsmatter.com/how-to-make-a-lace-front-wig/,https://blackwigsmatter.com/how-to-keep-lace-front-wig-from-slipping/
https://blackwigsmatter.com/how-to-sew-lace-front-wigs-a-comprehensive-diy-guide/,https://blackwigsmatter.com/how-to-make-a-lace-front-wig/,https://blackwigsmatter.com/how-to-make-a-non-lace-front-wig-look-natural/,https://blackwigsmatter.com/how-to-put-on-a-wig-with-short-hair/,https://blackwigsmatter.com/how-to-keep-lace-front-wig-from-slipping/
https://blackwigsmatter.com/how-to-fix-your-front-lace-wig-expert-repair-tips-tricks/,https://blackwigsmatter.com/how-to-sew-lace-front-wigs-a-comprehensive-diy-guide/,https://blackwigsmatter.com/how-to-make-a-lace-front-wig/,https://blackwigsmatter.com/how-to-make-a-non-lace-front-wig-look-natural/,https://blackwigsmatter.com/how-to-keep-lace-front-wig-from-slipping/
https://blackwigsmatter.com/how-long-does-a-lace-front-wig-install-last/,https://blackwigsmatter.com/how-long-does-a-wig-install-last/,https://blackwigsmatter.com/how-to-sew-lace-front-wigs-a-comprehensive-diy-guide/,https://blackwigsmatter.com/how-to-make-a-non-lace-front-wig-look-natural/,https://blackwigsmatter.com/how-to-make-a-lace-front-wig/
